{"train_losses": [0.8399622847856079, 0.3711636904318359], "val_losses": [0.49877157078848944, 0.22577447990576427], "train_accs": [